Date,Open,High,Low,Close,Volume,Currency
2017-04-24,48900.0,49500.0,48000.0,48400.0,1757390,VND
2017-04-25,48100.0,48400.0,45050.0,45150.0,2533550,VND
2017-04-26,43100.0,44500.0,43100.0,44100.0,1743790,VND
2017-04-27,44100.0,45900.0,44100.0,45900.0,825430,VND
2017-04-28,46100.0,47000.0,46100.0,46650.0,781910,VND
2017-05-03,46650.0,46800.0,46000.0,46750.0,521490,VND
2017-05-04,46750.0,47500.0,46700.0,47500.0,2947740,VND
2017-05-05,47100.0,47500.0,47000.0,47100.0,1274310,VND
2017-05-08,47000.0,47500.0,46600.0,47500.0,1414880,VND
2017-05-09,47500.0,47500.0,46900.0,46900.0,864620,VND
2017-05-10,46900.0,47400.0,46900.0,47100.0,2706150,VND
2017-05-11,47100.0,49700.0,47100.0,48600.0,3351200,VND
2017-05-12,48600.0,48900.0,48400.0,48600.0,1272460,VND
2017-05-15,48250.0,49200.0,48000.0,48700.0,2429190,VND
2017-05-16,49100.0,52000.0,48700.0,51100.0,3627190,VND
2017-05-17,51000.0,52000.0,50500.0,51000.0,1642560,VND
2017-05-18,50800.0,53000.0,50800.0,53000.0,3077950,VND
2017-05-19,53800.0,56700.0,53300.0,56700.0,4369030,VND
2017-05-22,59800.0,60600.0,59000.0,60600.0,3062670,VND
2017-05-23,61000.0,64500.0,60600.0,60600.0,2839240,VND
2017-05-24,60600.0,60700.0,57500.0,59000.0,1789900,VND
2017-05-25,59000.0,60100.0,58600.0,59000.0,684100,VND
2017-05-26,58200.0,58900.0,57600.0,58100.0,1237030,VND
2017-05-29,58000.0,60500.0,58000.0,60100.0,967250,VND
2017-05-30,60100.0,62100.0,60100.0,61000.0,1067000,VND
2017-05-31,61500.0,61700.0,60400.0,61200.0,714650,VND
2017-06-01,61200.0,61800.0,61200.0,61200.0,522880,VND
2017-06-02,60700.0,61200.0,59700.0,59700.0,1244790,VND
2017-06-05,59700.0,61800.0,59200.0,61100.0,665100,VND
2017-06-06,61100.0,61500.0,60800.0,61500.0,554760,VND
2017-06-07,61400.0,61800.0,61000.0,61100.0,626820,VND
2017-06-08,61100.0,61300.0,60800.0,61100.0,325680,VND
2017-06-09,61000.0,63400.0,61000.0,62600.0,1104760,VND
2017-06-12,62600.0,64500.0,62300.0,63000.0,830860,VND
2017-06-13,63200.0,63700.0,62700.0,63000.0,422580,VND
2017-06-14,62800.0,63000.0,61900.0,63000.0,848170,VND
2017-06-15,62500.0,63300.0,62100.0,62800.0,546160,VND
2017-06-16,62400.0,63000.0,62300.0,62400.0,369590,VND
2017-06-19,62300.0,63800.0,62300.0,63800.0,797760,VND
2017-06-20,64000.0,65400.0,63900.0,65400.0,1506260,VND
2017-06-21,65500.0,67000.0,64400.0,66900.0,980190,VND
2017-06-22,67600.0,69800.0,67500.0,69500.0,1121960,VND
2017-06-23,69700.0,72000.0,69600.0,71400.0,1825360,VND
2017-06-26,72000.0,73300.0,71200.0,71800.0,1137940,VND
2017-06-27,71300.0,71600.0,68800.0,68800.0,1547410,VND
2017-06-28,68400.0,69700.0,67300.0,68600.0,1212630,VND
2017-06-29,68800.0,70200.0,67900.0,69500.0,980940,VND
2017-06-30,69900.0,70100.0,69000.0,69000.0,846590,VND
2017-07-03,69000.0,69600.0,68500.0,68900.0,1235890,VND
2017-07-04,68500.0,68600.0,67200.0,67700.0,983220,VND
2017-07-05,67600.0,69400.0,67300.0,68800.0,493040,VND
2017-07-06,68500.0,71200.0,68000.0,71000.0,1697930,VND
2017-07-07,70700.0,71000.0,69400.0,69500.0,1345800,VND
2017-07-10,68500.0,69400.0,68200.0,68800.0,1149130,VND
2017-07-11,68800.0,68800.0,68000.0,68800.0,669300,VND
2017-07-12,69800.0,69800.0,68800.0,68800.0,905250,VND
2017-07-13,69000.0,70200.0,69000.0,70200.0,1069020,VND
2017-07-14,70800.0,71000.0,70000.0,70000.0,766980,VND
2017-07-17,70000.0,70400.0,68600.0,68700.0,613290,VND
2017-07-18,68300.0,69200.0,68200.0,68900.0,796070,VND
2017-07-19,68800.0,69900.0,68800.0,69300.0,998340,VND
2017-07-20,66700.0,66900.0,65300.0,65500.0,583230,VND
2017-07-21,65500.0,66000.0,65300.0,65500.0,615940,VND
2017-07-24,64500.0,65500.0,63000.0,63000.0,1064220,VND
2017-07-25,62000.0,65000.0,61000.0,64900.0,1548220,VND
2017-07-26,65200.0,65200.0,64300.0,64600.0,328670,VND
2017-07-27,64100.0,64100.0,62800.0,62800.0,883020,VND
2017-07-28,62700.0,64200.0,62100.0,64200.0,505210,VND
2017-07-31,64000.0,64000.0,62800.0,62800.0,291180,VND
2017-08-01,62200.0,63700.0,62200.0,63000.0,420960,VND
2017-08-02,62800.0,63500.0,62100.0,63200.0,347480,VND
2017-08-03,63000.0,63200.0,62700.0,63000.0,331860,VND
2017-08-04,62800.0,63900.0,62700.0,63600.0,515090,VND
2017-08-07,63600.0,66800.0,63500.0,66800.0,1648590,VND
2017-08-08,66800.0,69000.0,66800.0,67500.0,1347990,VND
2017-08-09,67500.0,68000.0,65500.0,65800.0,699190,VND
2017-08-10,65000.0,66000.0,64800.0,65200.0,283290,VND
2017-08-11,65000.0,65900.0,64200.0,64500.0,186140,VND
2017-08-14,64500.0,66200.0,64200.0,66000.0,264910,VND
2017-08-15,66300.0,66300.0,65500.0,66300.0,269720,VND
2017-08-16,66300.0,66700.0,65500.0,66100.0,578890,VND
2017-08-17,66100.0,66300.0,65800.0,65800.0,202030,VND
2017-08-18,65800.0,66400.0,65700.0,66100.0,287630,VND
2017-08-21,67000.0,67900.0,66800.0,67300.0,1445250,VND
2017-08-22,67700.0,67800.0,66300.0,66700.0,211800,VND
2017-08-23,66300.0,66800.0,66200.0,66700.0,103940,VND
2017-08-24,66600.0,67800.0,66400.0,67600.0,865230,VND
2017-08-25,67600.0,68400.0,67300.0,67500.0,501000,VND
2017-08-28,67500.0,68500.0,67300.0,68300.0,939860,VND
2017-08-29,68100.0,68700.0,67800.0,68000.0,544800,VND
2017-08-30,67700.0,68000.0,67000.0,67000.0,357560,VND
2017-08-31,67000.0,67700.0,66600.0,66800.0,403980,VND
2017-09-01,66800.0,67100.0,66200.0,66800.0,237100,VND
2017-09-05,67500.0,67900.0,66900.0,67000.0,807400,VND
2017-09-06,67000.0,67300.0,66500.0,67000.0,525730,VND
2017-09-07,67000.0,67300.0,66800.0,66800.0,580970,VND
2017-09-08,66800.0,67900.0,66500.0,66900.0,743570,VND
2017-09-11,67600.0,67600.0,66900.0,67000.0,484390,VND
2017-09-12,66900.0,67500.0,66900.0,67500.0,647000,VND
2017-09-13,67700.0,69200.0,67500.0,68700.0,2785080,VND
2017-09-14,68700.0,69200.0,68400.0,68400.0,709380,VND
2017-09-15,68300.0,68400.0,67700.0,68300.0,3548190,VND
2017-09-18,68000.0,68000.0,66400.0,66400.0,1266740,VND
2017-09-19,66200.0,66600.0,61900.0,65200.0,1325010,VND
2017-09-20,65200.0,65200.0,63700.0,64000.0,1065660,VND
2017-09-21,63400.0,65000.0,63400.0,64200.0,479010,VND
2017-09-22,64200.0,64800.0,64200.0,64600.0,340680,VND
2017-09-25,64600.0,65100.0,64400.0,64900.0,358140,VND
2017-09-26,65000.0,65300.0,64400.0,64400.0,648770,VND
2017-09-27,64500.0,64800.0,64400.0,64800.0,252960,VND
2017-09-28,64800.0,64800.0,63800.0,63900.0,442750,VND
2017-09-29,63900.0,63900.0,62800.0,63100.0,611130,VND
2017-10-02,62500.0,63100.0,62000.0,62000.0,331260,VND
2017-10-03,61900.0,62700.0,59500.0,60200.0,459660,VND
2017-10-04,60300.0,60700.0,59600.0,60400.0,332820,VND
2017-10-05,60400.0,62400.0,60400.0,61400.0,254450,VND
2017-10-06,61400.0,62300.0,61300.0,61700.0,129560,VND
2017-10-09,61500.0,61500.0,60500.0,61200.0,174990,VND
2017-10-10,61000.0,61800.0,60600.0,61800.0,213840,VND
2017-10-11,62000.0,62000.0,61700.0,61800.0,226180,VND
2017-10-12,61800.0,61800.0,60700.0,60900.0,276780,VND
2017-10-13,60600.0,60900.0,60400.0,60900.0,360640,VND
2017-10-16,60600.0,61200.0,60300.0,60900.0,258220,VND
2017-10-17,60600.0,62000.0,60600.0,62000.0,398400,VND
2017-10-18,62000.0,63300.0,61600.0,62800.0,516960,VND
2017-10-19,62800.0,63500.0,62500.0,63300.0,416860,VND
2017-10-20,63300.0,64000.0,63000.0,63300.0,326490,VND
2017-10-23,62800.0,63000.0,62000.0,62400.0,228920,VND
2017-10-24,62100.0,62900.0,60800.0,62200.0,298110,VND
2017-10-25,62200.0,62300.0,60500.0,62200.0,101350,VND
2017-10-26,62300.0,62300.0,60800.0,62000.0,150610,VND
2017-10-27,62000.0,62600.0,61700.0,62600.0,265120,VND
2017-10-30,63000.0,63200.0,62000.0,62000.0,475770,VND
2017-10-31,62000.0,62000.0,61000.0,61200.0,205440,VND
2017-11-01,61500.0,61500.0,60000.0,60800.0,386030,VND
2017-11-02,60100.0,60800.0,56800.0,56800.0,708070,VND
2017-11-03,56800.0,58000.0,56700.0,57200.0,356150,VND
2017-11-06,57100.0,57300.0,53500.0,54800.0,590070,VND
2017-11-07,53600.0,56900.0,53600.0,56000.0,417220,VND
2017-11-08,55900.0,56900.0,55900.0,56900.0,197170,VND
2017-11-09,56900.0,58400.0,56400.0,58200.0,399080,VND
2017-11-10,58000.0,58200.0,57100.0,58000.0,147190,VND
2017-11-13,57500.0,57500.0,54000.0,55400.0,580360,VND
2017-11-14,55000.0,56000.0,54100.0,55300.0,462250,VND
2017-11-15,55700.0,57500.0,55600.0,56900.0,445550,VND
2017-11-16,56900.0,57500.0,56800.0,57200.0,260240,VND
2017-11-17,57000.0,57000.0,55600.0,55600.0,486410,VND
2017-11-20,56300.0,57600.0,56300.0,57400.0,578810,VND
2017-11-21,57800.0,61400.0,57800.0,60500.0,1242580,VND
2017-11-22,60500.0,62400.0,60000.0,61900.0,536080,VND
2017-11-23,61900.0,62000.0,60400.0,60500.0,569880,VND
2017-11-24,60500.0,60600.0,59100.0,60200.0,485810,VND
2017-11-27,60000.0,61700.0,59500.0,61000.0,599940,VND
2017-11-28,61000.0,61100.0,59800.0,60100.0,387960,VND
2017-11-29,60100.0,62100.0,59600.0,61800.0,1305540,VND
2017-11-30,62000.0,62700.0,61900.0,62000.0,714320,VND
2017-12-01,62000.0,65200.0,62000.0,65200.0,1338940,VND
2017-12-04,65200.0,66400.0,64500.0,66200.0,750070,VND
2017-12-05,66100.0,67900.0,65500.0,66500.0,1170480,VND
2017-12-06,66000.0,67300.0,65000.0,66000.0,710670,VND
2017-12-07,66000.0,66500.0,63900.0,64400.0,661200,VND
2017-12-08,64700.0,66900.0,63600.0,65900.0,533660,VND
2017-12-11,64500.0,65800.0,64400.0,64400.0,306410,VND
2017-12-12,64300.0,65400.0,61000.0,64100.0,778430,VND
2017-12-13,65000.0,65000.0,61900.0,62300.0,649540,VND
2017-12-14,62300.0,64900.0,62000.0,64800.0,370260,VND
2017-12-15,64800.0,65000.0,64100.0,65000.0,340040,VND
2017-12-18,65000.0,66300.0,65000.0,65900.0,428870,VND
2017-12-19,65500.0,67900.0,65300.0,67000.0,1286100,VND
2017-12-20,67500.0,70900.0,67400.0,70000.0,2730440,VND
2017-12-21,69200.0,71000.0,69200.0,69700.0,923560,VND
2017-12-22,69700.0,69700.0,68200.0,69000.0,894560,VND
2017-12-25,69200.0,71900.0,68800.0,71900.0,1751990,VND
2017-12-26,71900.0,73500.0,71900.0,73200.0,1344510,VND
2017-12-27,74000.0,74300.0,72000.0,73200.0,1163520,VND
2017-12-28,73000.0,74500.0,72200.0,74000.0,1381580,VND
2017-12-29,74000.0,76500.0,73000.0,75000.0,1458000,VND
2018-01-02,75200.0,76500.0,73900.0,75000.0,1142760,VND
2018-01-03,75000.0,75800.0,74300.0,75200.0,1096830,VND
2018-01-04,75400.0,78600.0,75400.0,78600.0,1439440,VND
2018-01-05,78300.0,79400.0,77200.0,79000.0,1368060,VND
2018-01-08,78600.0,84300.0,78600.0,84000.0,1164450,VND
2018-01-09,84000.0,85000.0,82500.0,83100.0,1278870,VND
2018-01-10,83100.0,86000.0,83000.0,85000.0,1428940,VND
2018-01-11,84500.0,88800.0,83700.0,88200.0,1057380,VND
2018-01-12,88200.0,91200.0,86000.0,86700.0,1928010,VND
2018-01-15,86700.0,91000.0,86000.0,90500.0,1470780,VND
2018-01-16,90000.0,92700.0,88900.0,91000.0,1556760,VND
2018-01-17,91000.0,92300.0,86200.0,86200.0,1459300,VND
2018-01-18,85000.0,87300.0,82000.0,86800.0,2552170,VND
2018-01-19,87500.0,91900.0,86800.0,91900.0,2791600,VND
2018-01-22,91900.0,94400.0,90000.0,93100.0,1527840,VND
2018-01-25,94200.0,95500.0,92800.0,93100.0,2924920,VND
2018-01-26,93900.0,94200.0,90000.0,93000.0,1662110,VND
2018-01-29,93000.0,93000.0,90600.0,91800.0,1706230,VND
2018-01-30,90000.0,90900.0,86800.0,89500.0,1593930,VND
2018-01-31,88000.0,93000.0,85100.0,88500.0,1946140,VND
2018-02-01,88800.0,90000.0,87800.0,88600.0,723200,VND
2018-02-02,87000.0,88600.0,86400.0,87800.0,992010,VND
2018-02-05,87400.0,87400.0,81700.0,81700.0,1590460,VND
2018-02-06,76000.0,80000.0,76000.0,76000.0,1071710,VND
2018-02-07,80100.0,80200.0,77600.0,79900.0,1566120,VND
2018-02-08,78500.0,79200.0,77000.0,77100.0,459780,VND
2018-02-09,73000.0,74800.0,71800.0,73100.0,770290,VND
2018-02-12,73100.0,77900.0,73100.0,77900.0,750900,VND
2018-02-13,79000.0,79300.0,78000.0,78200.0,546150,VND
2018-02-21,80200.0,80800.0,78700.0,79700.0,803170,VND
2018-02-22,79000.0,79900.0,76000.0,77500.0,622310,VND
2018-02-23,78400.0,82900.0,78200.0,82900.0,2058340,VND
2018-02-26,85000.0,88700.0,85000.0,88500.0,2159560,VND
2018-02-27,89500.0,89500.0,86500.0,87900.0,845450,VND
2018-02-28,86000.0,91000.0,86000.0,89900.0,1820920,VND
2018-03-01,88800.0,89800.0,86100.0,87200.0,1258110,VND
2018-03-02,86000.0,87000.0,85300.0,87000.0,849060,VND
2018-03-05,87500.0,88500.0,83100.0,83100.0,1014150,VND
2018-03-06,84500.0,87000.0,83000.0,86600.0,838820,VND
2018-03-07,86100.0,86600.0,83000.0,83300.0,833790,VND
2018-03-08,83300.0,85200.0,82500.0,85000.0,676110,VND
2018-03-09,85400.0,86000.0,83800.0,84000.0,552480,VND
2018-03-12,85300.0,85300.0,82400.0,82400.0,507620,VND
2018-03-13,82900.0,83300.0,79700.0,81500.0,932770,VND
2018-03-14,81700.0,83000.0,81200.0,81200.0,511470,VND
2018-03-15,81000.0,82000.0,80300.0,81100.0,665400,VND
2018-03-16,81200.0,85100.0,81200.0,83000.0,2039440,VND
2018-03-19,85000.0,86500.0,84500.0,86300.0,1156350,VND
2018-03-20,86000.0,87200.0,85500.0,85500.0,922890,VND
2018-03-21,86200.0,87700.0,85600.0,86900.0,1797680,VND
2018-03-22,88000.0,88800.0,86800.0,86900.0,1293360,VND
2018-03-23,85000.0,86400.0,83900.0,85100.0,1182670,VND
2018-03-26,85100.0,86000.0,83000.0,83000.0,1121370,VND
2018-03-27,83500.0,84000.0,80300.0,82000.0,1269680,VND
2018-03-28,81100.0,83700.0,80600.0,82900.0,500520,VND
2018-03-29,82900.0,83300.0,81600.0,82300.0,374820,VND
2018-03-30,82900.0,83900.0,81500.0,83700.0,501160,VND
2018-04-02,83600.0,85300.0,83300.0,84900.0,770760,VND
2018-04-03,84500.0,85400.0,82900.0,83000.0,778980,VND
2018-04-04,83000.0,83500.0,81900.0,82500.0,937700,VND
2018-04-05,82500.0,83000.0,81200.0,81400.0,532380,VND
2018-04-06,82000.0,83000.0,80800.0,83000.0,891780,VND
2018-04-09,83000.0,84500.0,82800.0,83400.0,761600,VND
2018-04-10,82900.0,83400.0,81300.0,83000.0,557070,VND
2018-04-11,83100.0,83900.0,79000.0,79000.0,1006130,VND
2018-04-12,79000.0,80000.0,77700.0,80000.0,950990,VND
2018-04-13,80000.0,80800.0,75000.0,76500.0,948810,VND
2018-04-16,76500.0,76900.0,75000.0,76700.0,557830,VND
2018-04-17,76700.0,76900.0,73400.0,74000.0,692890,VND
2018-04-18,74000.0,74700.0,70800.0,71800.0,1160450,VND
2018-04-19,71800.0,71800.0,66800.0,66800.0,1255730,VND
2018-04-20,66800.0,69400.0,66000.0,69400.0,733140,VND
2018-04-23,70000.0,71000.0,64600.0,64600.0,683680,VND
2018-04-24,62600.0,64000.0,60100.0,62000.0,1222150,VND
2018-04-26,62900.0,62900.0,57700.0,57700.0,909200,VND
2018-04-27,57700.0,61700.0,57600.0,61700.0,1112190,VND
2018-05-02,63500.0,66000.0,63000.0,66000.0,837650,VND
2018-05-03,66000.0,68500.0,64000.0,66200.0,788130,VND
2018-05-04,66000.0,66200.0,64500.0,65400.0,632690,VND
2018-05-07,65000.0,66900.0,64500.0,66500.0,492350,VND
2018-05-08,66100.0,68800.0,66100.0,68200.0,643400,VND
2018-05-09,68800.0,69200.0,66800.0,67700.0,615370,VND
2018-05-10,68000.0,68000.0,64000.0,64000.0,552890,VND
2018-05-11,64000.0,64900.0,62000.0,64000.0,672780,VND
2018-05-14,65400.0,66100.0,64100.0,66000.0,408200,VND
2018-05-15,66000.0,70600.0,66000.0,70600.0,1275590,VND
2018-05-16,71000.0,71000.0,68500.0,69000.0,728550,VND
2018-05-17,68600.0,69300.0,68000.0,68000.0,852580,VND
2018-05-18,67200.0,69000.0,65000.0,69000.0,825630,VND
2018-05-21,69100.0,69100.0,66000.0,66000.0,542820,VND
2018-05-22,64500.0,66000.0,61400.0,62000.0,955310,VND
2018-05-23,61000.0,63300.0,60200.0,63300.0,614660,VND
2018-05-24,63600.0,64500.0,62000.0,63000.0,382870,VND
2018-05-25,63000.0,63500.0,59500.0,59500.0,618290,VND
2018-05-28,59000.0,59000.0,56000.0,56000.0,976740,VND
2018-05-29,57000.0,59900.0,56400.0,59900.0,678390,VND
2018-05-30,59500.0,60500.0,58500.0,58500.0,490400,VND
2018-05-31,58000.0,62500.0,58000.0,62000.0,849930,VND
2018-06-01,62900.0,63000.0,60900.0,62500.0,686660,VND
2018-06-04,62500.0,63500.0,61600.0,62800.0,386910,VND
2018-06-05,62800.0,66500.0,62800.0,65600.0,765440,VND
2018-06-06,66000.0,67500.0,64800.0,67200.0,547500,VND
2018-06-07,67000.0,67400.0,66000.0,66900.0,637220,VND
2018-06-08,66800.0,68500.0,65800.0,68200.0,781580,VND
2018-06-11,66500.0,68400.0,66200.0,66300.0,584970,VND
2018-06-12,61924.0,62877.0,59257.0,61734.0,927160,VND
2018-06-13,61829.0,63830.0,61448.0,63830.0,496570,VND
2018-06-14,63830.0,65068.0,63544.0,63544.0,594110,VND
2018-06-15,63258.0,64115.0,62591.0,64115.0,476310,VND
2018-06-18,63639.0,64020.0,61448.0,61448.0,517670,VND
2018-06-19,60495.0,60972.0,57161.0,59543.0,1282720,VND
2018-06-20,59924.0,60876.0,58590.0,60876.0,305680,VND
2018-06-21,60781.0,60781.0,59543.0,59638.0,259740,VND
2018-06-22,59543.0,60400.0,58971.0,60400.0,308340,VND
2018-06-25,62800.0,62800.0,61500.0,61600.0,383240,VND
2018-06-26,61100.0,61100.0,60000.0,60600.0,221360,VND
2018-06-27,61000.0,62000.0,59800.0,59800.0,331450,VND
2018-06-28,59500.0,59800.0,58000.0,59000.0,410520,VND
2018-06-29,59000.0,59900.0,58500.0,58500.0,149200,VND
2018-07-02,58400.0,58700.0,55900.0,58500.0,488920,VND
2018-07-03,58500.0,58500.0,55000.0,55100.0,446650,VND
2018-07-04,56200.0,56500.0,54200.0,55600.0,319770,VND
2018-07-05,56000.0,56000.0,52800.0,52800.0,498150,VND
2018-07-06,53000.0,56100.0,51800.0,54400.0,683880,VND
2018-07-09,55500.0,56900.0,55000.0,55000.0,358880,VND
2018-07-10,55000.0,56500.0,55000.0,55000.0,301320,VND
2018-07-11,52500.0,54000.0,52100.0,54000.0,406410,VND
2018-07-12,52800.0,54700.0,52800.0,53500.0,139300,VND
2018-07-13,54000.0,54800.0,53800.0,54000.0,266960,VND
2018-07-16,54000.0,55000.0,53500.0,54400.0,227950,VND
2018-07-17,53900.0,54900.0,53000.0,54000.0,308540,VND
2018-07-18,54800.0,57000.0,54600.0,57000.0,771000,VND
2018-07-19,57500.0,58200.0,56800.0,57600.0,408530,VND
2018-07-20,56600.0,57400.0,56100.0,56100.0,480790,VND
2018-07-23,56500.0,58600.0,56000.0,57200.0,628000,VND
2018-07-24,57000.0,57800.0,56300.0,57000.0,376550,VND
2018-07-25,57400.0,58000.0,56900.0,56900.0,436720,VND
2018-07-26,56800.0,56800.0,55700.0,56000.0,407460,VND
2018-07-27,56000.0,57300.0,56000.0,56700.0,287950,VND
2018-07-30,57400.0,58000.0,57100.0,58000.0,668090,VND
2018-07-31,58000.0,61900.0,57700.0,60500.0,1559950,VND
2018-08-01,61000.0,62600.0,60600.0,61300.0,747160,VND
2018-08-02,61500.0,61800.0,60700.0,61700.0,951560,VND
2018-08-03,62000.0,64000.0,62000.0,62600.0,1312750,VND
2018-08-06,62600.0,64400.0,61800.0,63900.0,701070,VND
2018-08-07,63900.0,64000.0,62400.0,62600.0,763020,VND
2018-08-08,63200.0,63800.0,62600.0,63000.0,560540,VND
2018-08-09,63900.0,64300.0,62000.0,62900.0,848730,VND
2018-08-10,62900.0,63900.0,62100.0,63900.0,665110,VND
2018-08-13,63900.0,66500.0,63000.0,66500.0,1369790,VND
2018-08-14,66100.0,66200.0,65100.0,65600.0,628640,VND
2018-08-15,65600.0,65700.0,62700.0,62800.0,733050,VND
2018-08-16,61600.0,65000.0,61000.0,64600.0,1441710,VND
2018-08-17,64900.0,65200.0,64000.0,64200.0,530720,VND
2018-08-20,64000.0,66500.0,64000.0,65500.0,1133600,VND
2018-08-21,65200.0,66400.0,64800.0,65800.0,753180,VND
2018-08-22,66500.0,67000.0,65500.0,65600.0,681810,VND
2018-08-23,66100.0,66600.0,65400.0,65900.0,535200,VND
2018-08-24,65500.0,68300.0,65500.0,68000.0,2117990,VND
2018-08-27,68000.0,69300.0,68000.0,68800.0,893630,VND
2018-08-28,68800.0,69400.0,68100.0,69000.0,859970,VND
2018-08-29,69000.0,69000.0,67000.0,67300.0,1403870,VND
2018-08-30,67500.0,68800.0,66700.0,68800.0,971010,VND
2018-08-31,69000.0,69700.0,67800.0,67800.0,465030,VND
2018-09-04,67800.0,68800.0,67200.0,67400.0,735330,VND
2018-09-05,67100.0,67900.0,66300.0,67000.0,1307880,VND
2018-09-06,66800.0,67600.0,66600.0,67100.0,924700,VND
2018-09-07,66900.0,67900.0,66800.0,67800.0,592540,VND
2018-09-10,67800.0,70300.0,67800.0,69500.0,1877740,VND
2018-09-11,69500.0,70300.0,69200.0,70000.0,734210,VND
2018-09-12,71000.0,71900.0,70300.0,71000.0,1294740,VND
2018-09-13,70800.0,71900.0,69500.0,69800.0,1349440,VND
2018-09-14,69400.0,70700.0,68900.0,70600.0,1147060,VND
2018-09-17,70000.0,71900.0,69600.0,71200.0,871820,VND
2018-09-18,70500.0,71500.0,70100.0,71400.0,613920,VND
2018-09-19,72000.0,72300.0,70700.0,70700.0,887800,VND
2018-09-20,71100.0,71400.0,70600.0,71300.0,701700,VND
2018-09-21,71600.0,71700.0,70500.0,70800.0,1786260,VND
2018-09-24,71300.0,73100.0,71000.0,73000.0,1223920,VND
2018-09-25,73300.0,73900.0,72900.0,73100.0,842810,VND
2018-09-26,73100.0,73100.0,72000.0,72000.0,1070320,VND
2018-09-27,72000.0,72500.0,71500.0,72100.0,786580,VND
2018-09-28,72000.0,72700.0,71000.0,71000.0,798310,VND
2018-10-01,71000.0,72600.0,70900.0,71600.0,905790,VND
2018-10-02,72100.0,72400.0,70500.0,71000.0,640350,VND
2018-10-03,71000.0,71100.0,70500.0,70700.0,461970,VND
2018-10-04,71700.0,71700.0,70700.0,71500.0,501260,VND
2018-10-05,71000.0,71400.0,69000.0,69000.0,761890,VND
2018-10-08,68800.0,69000.0,66500.0,66800.0,1448090,VND
2018-10-09,67500.0,67700.0,67000.0,67100.0,547390,VND
2018-10-10,67700.0,67700.0,66800.0,67000.0,431240,VND
2018-10-11,62500.0,65000.0,62400.0,62900.0,1631410,VND
2018-10-12,62000.0,64400.0,62000.0,64200.0,808250,VND
2018-10-15,64400.0,64400.0,62000.0,62700.0,556180,VND
2018-10-16,62700.0,63800.0,62500.0,63400.0,392600,VND
2018-10-17,64500.0,64900.0,63100.0,63400.0,832180,VND
2018-10-18,63400.0,63500.0,62100.0,63000.0,208850,VND
2018-10-19,62100.0,62400.0,60800.0,62000.0,480870,VND
2018-10-22,62000.0,62800.0,60400.0,60400.0,458870,VND
2018-10-23,60500.0,60500.0,56900.0,58000.0,753750,VND
2018-10-24,57400.0,58500.0,55800.0,55800.0,669070,VND
2018-10-25,53400.0,57300.0,53400.0,57300.0,1015970,VND
2018-10-26,58900.0,58900.0,57700.0,57700.0,746900,VND
2018-10-29,57000.0,57700.0,56400.0,57000.0,368560,VND
2018-10-30,56000.0,58400.0,55900.0,57200.0,521300,VND
2018-10-31,57700.0,59700.0,57700.0,59500.0,758610,VND
2018-11-01,59300.0,60000.0,58000.0,58100.0,420040,VND
2018-11-02,58500.0,60800.0,58400.0,60100.0,653960,VND
2018-11-05,59500.0,61400.0,59100.0,61000.0,515190,VND
2018-11-06,61500.0,61700.0,60300.0,60300.0,542890,VND
2018-11-07,60300.0,60500.0,58700.0,59500.0,681890,VND
2018-11-08,60000.0,60300.0,59400.0,59400.0,363900,VND
2018-11-09,59500.0,59600.0,57000.0,57000.0,630020,VND
2018-11-12,56600.0,57900.0,55700.0,57800.0,410770,VND
2018-11-13,56500.0,57300.0,56400.0,56500.0,333320,VND
2018-11-14,56100.0,57000.0,54800.0,55000.0,787180,VND
2018-11-15,56000.0,56100.0,54800.0,55000.0,481290,VND
2018-11-16,56000.0,56800.0,55500.0,56400.0,412310,VND
2018-11-19,57200.0,59000.0,57100.0,59000.0,461690,VND
2018-11-20,58200.0,59000.0,58000.0,58500.0,374070,VND
2018-11-21,57000.0,58200.0,57000.0,58000.0,341850,VND
2018-11-22,58700.0,58700.0,57700.0,58000.0,280490,VND
2018-11-23,58000.0,59400.0,57600.0,58200.0,482860,VND
2018-11-26,58100.0,58100.0,57500.0,58100.0,188040,VND
2018-11-27,58200.0,58800.0,57600.0,58100.0,262840,VND
2018-11-28,58000.0,58400.0,57600.0,58300.0,214830,VND
2018-11-29,58900.0,58900.0,57400.0,57400.0,318590,VND
2018-11-30,57400.0,58000.0,57200.0,58000.0,210900,VND
2018-12-03,59200.0,61200.0,58600.0,61000.0,992630,VND
2018-12-04,61000.0,61700.0,60300.0,60700.0,603600,VND
2018-12-05,60200.0,61900.0,59700.0,60800.0,853640,VND
2018-12-06,61000.0,61400.0,59900.0,60500.0,496010,VND
2018-12-07,60500.0,61300.0,60500.0,61100.0,379550,VND
2018-12-10,61300.0,61800.0,61000.0,61400.0,508290,VND
2018-12-11,61300.0,61500.0,60600.0,60900.0,279840,VND
2018-12-12,61400.0,61400.0,60800.0,61200.0,314290,VND
2018-12-13,61300.0,61900.0,61000.0,61000.0,402150,VND
2018-12-14,61000.0,61600.0,59900.0,60000.0,643270,VND
2018-12-17,59800.0,59900.0,57000.0,57000.0,612200,VND
2018-12-18,56900.0,57500.0,56200.0,56800.0,766910,VND
2018-12-19,56300.0,56800.0,55500.0,55800.0,749450,VND
2018-12-20,55500.0,56500.0,55500.0,55900.0,303240,VND
2018-12-21,55800.0,57100.0,55000.0,57100.0,400060,VND
2018-12-24,57000.0,57100.0,56300.0,56600.0,241060,VND
2018-12-25,56000.0,56000.0,54700.0,55300.0,594180,VND
2018-12-26,55300.0,56000.0,55200.0,55200.0,185570,VND
2018-12-27,56800.0,56800.0,56000.0,56200.0,254840,VND
2018-12-28,56200.0,56400.0,53000.0,53000.0,580760,VND
2019-01-02,54000.0,55500.0,54000.0,54400.0,380020,VND
2019-01-03,54400.0,55000.0,52500.0,53600.0,450490,VND
2019-01-04,53000.0,55200.0,53000.0,54900.0,302070,VND
2019-01-07,55500.0,55700.0,55100.0,55200.0,187920,VND
2019-01-08,55500.0,55500.0,53300.0,54100.0,352050,VND
2019-01-09,54900.0,55200.0,54000.0,54200.0,343920,VND
2019-01-10,54800.0,55300.0,54400.0,55100.0,280830,VND
2019-01-11,55400.0,56000.0,55000.0,55300.0,337760,VND
2019-01-14,55300.0,55500.0,54100.0,54900.0,125040,VND
2019-01-15,54900.0,55800.0,54600.0,55300.0,230330,VND
2019-01-16,56000.0,56300.0,55400.0,55500.0,252480,VND
2019-01-17,55500.0,55700.0,54700.0,54700.0,197100,VND
2019-01-18,54700.0,55200.0,54400.0,54400.0,188280,VND
2019-01-21,55000.0,55900.0,54300.0,55300.0,273200,VND
2019-01-22,55000.0,55000.0,53400.0,53500.0,729490,VND
2019-01-23,53000.0,53900.0,53000.0,53200.0,486420,VND
2019-01-24,53200.0,53800.0,53100.0,53200.0,653530,VND
2019-01-25,53200.0,53900.0,53200.0,53800.0,169160,VND
2019-01-28,54000.0,54200.0,53400.0,53500.0,516670,VND
2019-01-29,53400.0,53600.0,53100.0,53500.0,311730,VND
2019-01-30,53500.0,53700.0,53300.0,53300.0,452470,VND
2019-01-31,54000.0,54600.0,53300.0,53900.0,911200,VND
2019-02-01,53600.0,54200.0,53500.0,53500.0,1199400,VND
2019-02-11,54700.0,55600.0,54200.0,55600.0,746520,VND
2019-02-12,56000.0,56300.0,55400.0,55700.0,957300,VND
2019-02-13,55700.0,57300.0,55700.0,57100.0,1941970,VND
2019-02-14,57000.0,57400.0,56600.0,56700.0,1004440,VND
2019-02-15,56700.0,57600.0,56500.0,56700.0,1351010,VND
2019-02-18,57000.0,59000.0,57000.0,59000.0,2268090,VND
2019-02-19,58800.0,59000.0,57500.0,57700.0,1293550,VND
2019-02-20,57700.0,57700.0,56600.0,56800.0,927820,VND
2019-02-21,56900.0,58400.0,56900.0,58300.0,1723040,VND
2019-02-22,57800.0,59000.0,57800.0,58500.0,1129680,VND
2019-02-25,59000.0,59400.0,58600.0,58600.0,1366700,VND
2019-02-26,58400.0,58500.0,57000.0,57000.0,1456500,VND
2019-02-27,57500.0,57600.0,56400.0,56700.0,1784860,VND
2019-02-28,57000.0,57500.0,56300.0,56500.0,2532900,VND
2019-03-01,56500.0,58700.0,56500.0,58600.0,2076360,VND
2019-03-04,58600.0,60800.0,58600.0,60400.0,3433740,VND
2019-03-05,59900.0,60600.0,59100.0,59400.0,2693520,VND
2019-03-06,59500.0,61500.0,59400.0,61500.0,3156200,VND
2019-03-07,61500.0,62000.0,60900.0,61000.0,1802470,VND
2019-03-08,60400.0,61500.0,60200.0,60500.0,2534770,VND
2019-03-11,60500.0,60700.0,59800.0,60400.0,2131290,VND
2019-03-12,61200.0,62000.0,60800.0,62000.0,2858810,VND
2019-03-13,62000.0,62800.0,61600.0,61800.0,2346380,VND
2019-03-14,62500.0,62500.0,61000.0,61200.0,1532650,VND
2019-03-15,61200.0,62600.0,60900.0,62400.0,2274270,VND
2019-03-18,62400.0,63300.0,61700.0,62500.0,1714570,VND
2019-03-19,62500.0,62800.0,61800.0,62100.0,1816150,VND
2019-03-20,61700.0,62000.0,60800.0,61700.0,1699650,VND
2019-03-21,62000.0,62200.0,58000.0,59500.0,2115260,VND
2019-03-22,59900.0,59900.0,58900.0,59000.0,1606140,VND
2019-03-25,57900.0,58500.0,57400.0,58000.0,1861980,VND
2019-03-26,58900.0,58900.0,57500.0,57700.0,1212450,VND
2019-03-27,58900.0,59000.0,58000.0,58800.0,621860,VND
2019-03-28,58400.0,59700.0,58000.0,59500.0,836530,VND
2019-03-29,59500.0,60000.0,59300.0,59400.0,1256540,VND
2019-04-01,59700.0,61000.0,59700.0,61000.0,1200470,VND
2019-04-02,61500.0,61700.0,60200.0,60300.0,655270,VND
2019-04-03,60300.0,61100.0,60200.0,60800.0,829910,VND
2019-04-04,60800.0,61100.0,60600.0,60800.0,608720,VND
2019-04-05,60800.0,61500.0,60600.0,61400.0,773290,VND
2019-04-08,62000.0,62700.0,61500.0,62600.0,1412570,VND
2019-04-09,63000.0,63000.0,61800.0,61800.0,1635520,VND
2019-04-10,61300.0,61800.0,60700.0,61000.0,830410,VND
2019-04-11,61300.0,61300.0,60600.0,60800.0,607620,VND
2019-04-12,60500.0,61100.0,60300.0,61000.0,424050,VND
2019-04-16,60200.0,61200.0,60200.0,61000.0,775260,VND
2019-04-17,61300.0,62100.0,61100.0,61100.0,1350850,VND
2019-04-18,61000.0,61200.0,59800.0,60500.0,538860,VND
2019-04-19,60600.0,61000.0,60400.0,60700.0,457310,VND
2019-04-22,60600.0,61200.0,60200.0,60500.0,488510,VND
2019-04-23,60500.0,61600.0,60500.0,61300.0,757150,VND
2019-04-24,61400.0,61900.0,61400.0,61800.0,790290,VND
2019-04-25,61200.0,61700.0,61200.0,61500.0,354690,VND
2019-04-26,61300.0,62400.0,61300.0,62300.0,1410390,VND
2019-05-02,62800.0,62800.0,62000.0,62500.0,443010,VND
2019-05-03,62500.0,62500.0,61600.0,61600.0,332640,VND
2019-05-06,60800.0,61300.0,60500.0,61000.0,1048040,VND
2019-05-07,61300.0,61700.0,61000.0,61200.0,417000,VND
2019-05-08,61000.0,61300.0,60500.0,60900.0,415580,VND
2019-05-09,60900.0,61200.0,60500.0,60600.0,536070,VND
2019-05-10,61100.0,61700.0,60700.0,61300.0,327390,VND
2019-05-13,61500.0,61500.0,60800.0,60800.0,257440,VND
2019-05-14,60800.0,62400.0,60800.0,62400.0,1070900,VND
2019-05-15,62700.0,65000.0,62700.0,64400.0,1828520,VND
2019-05-16,64400.0,65000.0,64000.0,64400.0,837330,VND
2019-05-17,64800.0,65500.0,64400.0,64800.0,768370,VND
2019-05-20,64800.0,66500.0,64500.0,66200.0,1066800,VND
2019-05-21,66200.0,66300.0,65200.0,65600.0,736610,VND
2019-05-22,65900.0,66500.0,65600.0,66300.0,988930,VND
2019-05-23,66000.0,67500.0,65200.0,67500.0,1139760,VND
2019-05-24,66500.0,67000.0,65500.0,66000.0,1466210,VND
2019-05-27,63431.0,63816.0,63143.0,63431.0,653220,VND
2019-05-28,63816.0,64777.0,63335.0,64777.0,760700,VND
2019-05-29,64488.0,64488.0,63912.0,64200.0,534840,VND
2019-05-30,65000.0,65200.0,64600.0,64800.0,701090,VND
2019-05-31,64500.0,64600.0,62900.0,63100.0,1037660,VND
2019-06-03,60000.0,62500.0,60000.0,61300.0,1010070,VND
2019-06-04,62000.0,62200.0,61300.0,62200.0,385590,VND
2019-06-05,63000.0,63000.0,61900.0,62000.0,289450,VND
2019-06-06,60500.0,62300.0,60500.0,61700.0,347040,VND
2019-06-07,62500.0,62500.0,61100.0,62400.0,329820,VND
2019-06-10,62400.0,63100.0,62200.0,62400.0,277790,VND
2019-06-11,62100.0,62900.0,62100.0,62400.0,371780,VND
2019-06-12,62400.0,62400.0,61800.0,61800.0,276490,VND
2019-06-13,61300.0,62000.0,61200.0,61500.0,188640,VND
2019-06-14,61900.0,62100.0,61400.0,61400.0,138480,VND
2019-06-17,62000.0,62000.0,61100.0,61300.0,204660,VND
2019-06-18,61100.0,61500.0,60700.0,61000.0,210760,VND
2019-06-19,62000.0,62000.0,61200.0,61500.0,207820,VND
2019-06-20,61900.0,63900.0,61500.0,63500.0,839620,VND
2019-06-21,63600.0,64000.0,62700.0,63000.0,501900,VND
2019-06-24,63000.0,63000.0,62200.0,62500.0,489060,VND
2019-06-25,62400.0,62400.0,61700.0,61900.0,589610,VND
2019-06-26,61900.0,62900.0,61900.0,62800.0,296970,VND
2019-06-27,62600.0,62900.0,61900.0,61900.0,217100,VND
2019-06-28,62300.0,62500.0,59500.0,59500.0,597200,VND
2019-07-01,62000.0,63300.0,61600.0,63300.0,784510,VND
2019-07-02,63400.0,64300.0,63300.0,64200.0,2425770,VND
2019-07-03,64100.0,64400.0,63800.0,64000.0,1463210,VND
2019-07-04,64000.0,64400.0,63900.0,64300.0,1755450,VND
2019-07-05,64600.0,64700.0,64300.0,64500.0,2258300,VND
2019-07-08,64800.0,64800.0,63800.0,63900.0,1660650,VND
2019-07-09,63900.0,64100.0,63500.0,64000.0,1514430,VND
2019-07-10,63900.0,64200.0,63800.0,64000.0,1606680,VND
2019-07-11,64100.0,64700.0,64100.0,64600.0,920080,VND
2019-07-12,64800.0,64800.0,64400.0,64500.0,3474210,VND
2019-07-15,64800.0,64900.0,64500.0,64600.0,446330,VND
2019-07-16,64500.0,64600.0,64100.0,64300.0,2151300,VND
2019-07-17,64400.0,64600.0,64100.0,64300.0,2686790,VND
2019-07-18,64300.0,64400.0,64100.0,64200.0,2228450,VND
2019-07-19,64200.0,64400.0,64100.0,64100.0,1465170,VND
2019-07-22,64000.0,64500.0,63800.0,64200.0,1367300,VND
2019-07-23,64200.0,64500.0,64100.0,64200.0,1450530,VND
2019-07-24,64500.0,66200.0,64500.0,66000.0,2628590,VND
2019-07-25,66500.0,66500.0,65400.0,65700.0,1070900,VND
2019-07-26,65700.0,66400.0,65500.0,65800.0,859570,VND
2019-07-29,65700.0,65700.0,64200.0,64700.0,1297120,VND
2019-07-30,64700.0,65400.0,64400.0,64600.0,878760,VND
2019-07-31,64600.0,65500.0,64600.0,65500.0,1004830,VND
2019-08-01,65200.0,65500.0,64800.0,65000.0,525830,VND
2019-08-02,64100.0,65300.0,63500.0,65000.0,960480,VND
2019-08-05,65000.0,65000.0,63100.0,63100.0,1319140,VND
2019-08-06,61500.0,62400.0,61200.0,61300.0,1304750,VND
2019-08-07,61300.0,62400.0,61200.0,62000.0,797090,VND
2019-08-08,61500.0,62600.0,61400.0,62200.0,457730,VND
2019-08-09,62200.0,62500.0,62000.0,62200.0,347730,VND
2019-08-12,62200.0,62500.0,61800.0,62400.0,383980,VND
2019-08-13,62400.0,63500.0,62000.0,63200.0,691380,VND
2019-08-14,63300.0,63600.0,62400.0,62400.0,267530,VND
2019-08-15,61100.0,61900.0,61000.0,61500.0,462000,VND
2019-08-16,61500.0,62400.0,61500.0,62400.0,399760,VND
2019-08-19,62400.0,63000.0,62400.0,62600.0,150370,VND
2019-08-20,62600.0,62700.0,62300.0,62500.0,689610,VND
2019-08-21,62500.0,63200.0,62400.0,62600.0,562620,VND
2019-08-22,62800.0,62800.0,62500.0,62600.0,125060,VND
2019-08-23,62900.0,62900.0,61800.0,62000.0,192970,VND
2019-08-26,61400.0,61500.0,60500.0,60800.0,594700,VND
2019-08-27,61000.0,61300.0,60500.0,61200.0,569790,VND
2019-08-28,61600.0,61600.0,60800.0,61000.0,279140,VND
2019-08-29,61200.0,61200.0,60700.0,61000.0,401390,VND
2019-08-30,61200.0,61800.0,61100.0,61500.0,266590,VND
2019-09-03,61400.0,61600.0,60700.0,60700.0,191130,VND
2019-09-04,60500.0,60800.0,59900.0,60700.0,339310,VND
2019-09-05,60800.0,61200.0,60700.0,61000.0,203850,VND
2019-09-06,61200.0,61200.0,60600.0,60600.0,121490,VND
2019-09-09,60600.0,62100.0,60500.0,61900.0,384500,VND
2019-09-10,61900.0,62900.0,61900.0,62000.0,512930,VND
2019-09-11,62100.0,62300.0,60900.0,61500.0,151290,VND
2019-09-12,61900.0,62000.0,61300.0,61500.0,124610,VND
2019-09-13,61000.0,62300.0,61000.0,61800.0,183100,VND
2019-09-16,63000.0,63200.0,62300.0,62600.0,485880,VND
2019-09-17,62700.0,62800.0,62000.0,62500.0,143200,VND
2019-09-18,62400.0,62400.0,61200.0,61300.0,405970,VND
2019-09-19,61300.0,61500.0,60900.0,61100.0,216260,VND
2019-09-20,61100.0,61500.0,61100.0,61200.0,312880,VND
2019-09-23,61200.0,61800.0,61200.0,61600.0,283030,VND
2019-09-24,61600.0,61600.0,60900.0,60900.0,356990,VND
2019-09-25,60900.0,60900.0,60200.0,60200.0,426000,VND
2019-09-26,60200.0,60600.0,60000.0,60600.0,353370,VND
2019-09-27,60400.0,61200.0,60300.0,60500.0,338900,VND
2019-09-30,60800.0,60900.0,60300.0,60500.0,328980,VND
2019-10-01,60500.0,60900.0,60200.0,60600.0,259680,VND
2019-10-02,60600.0,60800.0,60100.0,60100.0,318030,VND
2019-10-03,60000.0,60100.0,59100.0,60000.0,286780,VND
2019-10-04,59500.0,59500.0,58000.0,58000.0,1596720,VND
2019-10-07,58000.0,58800.0,58000.0,58200.0,514690,VND
2019-10-08,58200.0,58400.0,57900.0,58300.0,350280,VND
2019-10-09,58200.0,58200.0,57700.0,57800.0,391020,VND
2019-10-10,57700.0,58200.0,56900.0,56900.0,559760,VND
2019-10-11,57000.0,58500.0,57000.0,58500.0,485200,VND
2019-10-14,59000.0,59200.0,58600.0,58600.0,242490,VND
2019-10-15,58600.0,58800.0,58500.0,58600.0,184230,VND
2019-10-16,58600.0,58700.0,58000.0,58100.0,267570,VND
2019-10-17,58100.0,58500.0,57400.0,57600.0,251210,VND
2019-10-18,58000.0,58200.0,57700.0,57900.0,132570,VND
2019-10-21,57300.0,57900.0,57300.0,57500.0,127700,VND
2019-10-22,57300.0,57800.0,57300.0,57500.0,113800,VND
2019-10-23,57600.0,58000.0,57100.0,57200.0,158830,VND
2019-10-24,57200.0,57500.0,57200.0,57500.0,91820,VND
2019-10-25,57800.0,57800.0,57500.0,57800.0,79760,VND
2019-10-28,57600.0,58300.0,57600.0,58000.0,176010,VND
2019-10-29,57800.0,58600.0,57800.0,58300.0,221780,VND
2019-10-30,58200.0,59800.0,58100.0,59300.0,440360,VND
2019-10-31,59300.0,59500.0,58900.0,59300.0,173690,VND
2019-11-01,59000.0,59500.0,58500.0,59400.0,217150,VND
2019-11-04,59500.0,60200.0,59500.0,59600.0,415000,VND
2019-11-05,59700.0,59900.0,59500.0,59700.0,185570,VND
2019-11-06,59700.0,59700.0,59200.0,59200.0,103730,VND
2019-11-07,59400.0,59400.0,58800.0,58900.0,265630,VND
2019-11-08,58800.0,59200.0,58800.0,59000.0,207400,VND
2019-11-11,59000.0,59400.0,58800.0,59100.0,152130,VND
2019-11-12,59100.0,60100.0,59000.0,59600.0,695520,VND
2019-11-13,59800.0,60100.0,59500.0,59600.0,470780,VND
2019-11-14,59600.0,60500.0,59600.0,60100.0,467570,VND
2019-11-15,60100.0,60200.0,59900.0,59900.0,253570,VND
2019-11-18,60700.0,60700.0,59200.0,59200.0,205630,VND
2019-11-19,59600.0,60000.0,59200.0,60000.0,219050,VND
2019-11-20,59700.0,60000.0,59500.0,59700.0,306300,VND
2019-11-21,59700.0,59900.0,59400.0,59700.0,130770,VND
2019-11-22,59500.0,59700.0,58200.0,58400.0,321550,VND
2019-11-25,58400.0,59100.0,58400.0,59000.0,271420,VND
2019-11-26,59300.0,59700.0,59100.0,59200.0,198130,VND
2019-11-27,59300.0,59400.0,58600.0,58600.0,147990,VND
2019-11-28,58800.0,59100.0,57800.0,58000.0,133830,VND
2019-11-29,58200.0,58500.0,57400.0,57600.0,96980,VND
2019-12-02,57800.0,58100.0,56700.0,56700.0,136100,VND
2019-12-03,56700.0,56700.0,55900.0,55900.0,225720,VND
2019-12-04,55900.0,57000.0,55800.0,57000.0,113620,VND
2019-12-05,57000.0,57000.0,56300.0,56300.0,88040,VND
2019-12-06,56900.0,56900.0,56300.0,56400.0,19860,VND
2019-12-09,56400.0,56900.0,56300.0,56300.0,81150,VND
2019-12-10,56300.0,56300.0,54300.0,55600.0,222890,VND
2019-12-11,55800.0,55800.0,54300.0,54700.0,208350,VND
2019-12-12,54800.0,55400.0,54800.0,55200.0,125260,VND
2019-12-13,55300.0,55700.0,55200.0,55400.0,127970,VND
2019-12-16,55900.0,56200.0,55500.0,56200.0,120880,VND
2019-12-17,56200.0,56300.0,55500.0,55600.0,67180,VND
2019-12-18,55300.0,55600.0,55300.0,55600.0,121920,VND
2019-12-19,56000.0,56100.0,55100.0,55400.0,60710,VND
2019-12-20,55400.0,56900.0,55400.0,56900.0,205110,VND
2019-12-23,56900.0,57300.0,56000.0,56100.0,155940,VND
2019-12-24,56100.0,56700.0,56100.0,56100.0,88060,VND
2019-12-25,56900.0,56900.0,55900.0,56100.0,113790,VND
2019-12-26,55900.0,56100.0,55800.0,55900.0,73400,VND
2019-12-27,55800.0,56600.0,55600.0,56400.0,68050,VND
2019-12-30,56700.0,56700.0,55900.0,56000.0,102990,VND
2019-12-31,56400.0,56400.0,55500.0,56000.0,75980,VND
2020-01-02,56100.0,57100.0,55400.0,56500.0,380760,VND
2020-01-03,56600.0,58100.0,56600.0,57100.0,586600,VND
2020-01-06,58000.0,58000.0,57100.0,57300.0,497990,VND
2020-01-07,57500.0,57500.0,56400.0,56500.0,290780,VND
2020-01-08,57000.0,57000.0,55600.0,55700.0,237220,VND
2020-01-09,55700.0,56300.0,55700.0,56200.0,128140,VND
2020-01-10,56200.0,56500.0,55700.0,55700.0,135340,VND
2020-01-13,55700.0,56200.0,55600.0,55900.0,166780,VND
2020-01-14,55800.0,55800.0,55200.0,55500.0,94530,VND
2020-01-15,55500.0,55500.0,54700.0,55400.0,176290,VND
2020-01-16,55500.0,56100.0,55200.0,55700.0,176180,VND
2020-01-17,56000.0,56800.0,56000.0,56200.0,128190,VND
2020-01-20,56200.0,56400.0,55700.0,56000.0,265570,VND
2020-01-21,56400.0,57000.0,56300.0,56900.0,605240,VND
2020-01-22,56900.0,57700.0,56900.0,57300.0,392620,VND
2020-01-30,56000.0,56800.0,55400.0,55400.0,314560,VND
2020-01-31,55700.0,55700.0,53000.0,53000.0,672920,VND
2020-02-03,49550.0,51400.0,49300.0,51000.0,594560,VND
2020-02-04,51800.0,52000.0,50000.0,50700.0,578180,VND
2020-02-05,50800.0,52000.0,50800.0,51500.0,186410,VND
2020-02-06,51500.0,52300.0,51200.0,52000.0,547380,VND
2020-02-07,52300.0,52500.0,51700.0,51800.0,345610,VND
2020-02-10,51300.0,51800.0,50700.0,51600.0,357180,VND
2020-02-11,51600.0,52800.0,51500.0,52800.0,427820,VND
2020-02-12,52800.0,53100.0,52800.0,52900.0,637550,VND
2020-02-13,52800.0,53800.0,52800.0,53300.0,506100,VND
2020-02-14,53300.0,53700.0,53200.0,53300.0,612290,VND
2020-02-17,53300.0,53400.0,52700.0,53100.0,371440,VND
2020-02-18,53000.0,53000.0,52600.0,52800.0,254370,VND
2020-02-19,52900.0,53300.0,52800.0,52900.0,337410,VND
2020-02-20,53300.0,53500.0,53100.0,53200.0,292760,VND
2020-02-21,53400.0,53400.0,52800.0,52800.0,288010,VND
2020-02-24,51500.0,52000.0,50300.0,50600.0,441450,VND
2020-02-25,50400.0,51000.0,50100.0,50800.0,282590,VND
2020-02-26,50700.0,50700.0,50100.0,50100.0,290260,VND
2020-02-27,50100.0,51200.0,50100.0,51200.0,238530,VND
2020-02-28,50200.0,52100.0,50200.0,51600.0,290640,VND
2020-03-02,51600.0,51600.0,50800.0,50800.0,135280,VND
2020-03-03,51000.0,51500.0,50300.0,50300.0,241940,VND
2020-03-04,50300.0,50600.0,50200.0,50300.0,149030,VND
2020-03-05,50700.0,50800.0,50300.0,50300.0,165440,VND
2020-03-06,50200.0,50200.0,49600.0,49700.0,167080,VND
2020-03-09,46250.0,48000.0,46250.0,46250.0,262470,VND
2020-03-10,43050.0,45000.0,43050.0,43800.0,518640,VND
2020-03-11,44800.0,44800.0,40750.0,40900.0,385470,VND
2020-03-12,40000.0,40000.0,38050.0,38050.0,465400,VND
2020-03-13,35400.0,38000.0,35400.0,36150.0,845640,VND
2020-03-16,36300.0,38200.0,36300.0,36800.0,632180,VND
2020-03-17,37000.0,39350.0,36500.0,39350.0,535980,VND
2020-03-18,40900.0,42100.0,40000.0,42100.0,880510,VND
2020-03-19,41700.0,41800.0,40100.0,40100.0,510280,VND
2020-03-20,41000.0,41500.0,40100.0,40600.0,381290,VND
2020-03-23,39100.0,39600.0,37800.0,37800.0,585750,VND
2020-03-24,37800.0,37900.0,35400.0,37500.0,1147220,VND
2020-03-25,38500.0,40100.0,38500.0,40100.0,469810,VND
2020-03-26,40000.0,41000.0,39000.0,39450.0,418920,VND
2020-03-27,39000.0,39600.0,38100.0,39500.0,713230,VND
2020-03-30,35100.0,37450.0,35100.0,35800.0,728950,VND
2020-03-31,36000.0,37450.0,35500.0,36500.0,383160,VND
2020-04-01,36500.0,39000.0,36000.0,38900.0,595360,VND
2020-04-03,40200.0,40400.0,39300.0,39900.0,851510,VND
2020-04-06,40800.0,41050.0,39900.0,40100.0,1924660,VND
2020-04-07,39100.0,39400.0,38100.0,38850.0,1194700,VND
2020-04-08,38400.0,38800.0,38000.0,38400.0,941540,VND
2020-04-09,39000.0,41000.0,39000.0,40000.0,1936030,VND
2020-04-10,40100.0,41500.0,39600.0,40750.0,1638300,VND
2020-04-13,40900.0,41400.0,40350.0,40350.0,1328310,VND
2020-04-14,40350.0,40350.0,39000.0,39600.0,1122090,VND
2020-04-15,39600.0,40450.0,39150.0,39900.0,1210150,VND
2020-04-16,40000.0,41400.0,39850.0,41000.0,1953570,VND
2020-04-17,41600.0,41650.0,40950.0,41400.0,1594470,VND
2020-04-20,41400.0,44100.0,41400.0,43900.0,2466850,VND
2020-04-21,41500.0,42900.0,40850.0,40850.0,2649020,VND
2020-04-22,39000.0,40800.0,38800.0,40700.0,1125610,VND
2020-04-23,41600.0,41600.0,40500.0,40700.0,1233190,VND
2020-04-24,41000.0,41500.0,40600.0,41350.0,1094050,VND
2020-04-27,41350.0,41350.0,40150.0,40200.0,1102230,VND
2020-04-28,40200.0,40500.0,39050.0,39700.0,1226410,VND
2020-04-29,39700.0,40600.0,39700.0,40300.0,707440,VND
2020-05-04,41350.0,41350.0,40000.0,40100.0,883050,VND
2020-05-05,39500.0,40650.0,39500.0,40400.0,545090,VND
2020-05-06,41200.0,42300.0,40900.0,41950.0,1700870,VND
2020-05-07,42000.0,42400.0,41600.0,42050.0,1269830,VND
2020-05-08,42200.0,44950.0,42200.0,43800.0,2375610,VND
2020-05-11,44000.0,44500.0,43650.0,44300.0,1344010,VND
2020-05-12,44300.0,46000.0,43400.0,45550.0,1799500,VND
2020-05-13,45550.0,46500.0,44600.0,45650.0,1755200,VND
2020-05-14,45600.0,45800.0,44850.0,45600.0,995730,VND
2020-05-15,45900.0,45950.0,44500.0,44500.0,1240110,VND
2020-05-18,44500.0,45500.0,44500.0,45350.0,851610,VND
2020-05-19,47500.0,47500.0,46300.0,46800.0,1378600,VND
2020-05-20,46100.0,46850.0,46100.0,46850.0,738990,VND
2020-05-21,47000.0,47500.0,46500.0,47000.0,1019750,VND
2020-05-22,46900.0,46900.0,46200.0,46400.0,795930,VND
2020-05-25,46400.0,46800.0,45500.0,46350.0,625220,VND
2020-05-26,47000.0,47000.0,46400.0,46900.0,626270,VND
2020-05-27,47000.0,47650.0,46900.0,46900.0,958690,VND
2020-05-28,46900.0,47000.0,46550.0,46800.0,458950,VND
2020-05-29,46800.0,46850.0,46050.0,46150.0,806010,VND
2020-06-01,46150.0,46700.0,46150.0,46300.0,817190,VND
2020-06-02,46800.0,47100.0,46150.0,46400.0,1306180,VND
2020-06-03,46900.0,47000.0,46500.0,46700.0,508870,VND
2020-06-04,47000.0,47400.0,46900.0,47150.0,868580,VND
2020-06-05,47200.0,47200.0,45400.0,47000.0,586880,VND
2020-06-08,47400.0,48100.0,47300.0,48000.0,1541960,VND
2020-06-09,48000.0,48100.0,47400.0,47600.0,670760,VND
2020-06-10,47600.0,47700.0,46600.0,47700.0,690860,VND
2020-06-11,48000.0,48000.0,44400.0,44400.0,997810,VND
2020-06-12,42900.0,45200.0,42900.0,45200.0,1063220,VND
2020-06-15,45500.0,45500.0,43800.0,44000.0,638070,VND
2020-06-16,44100.0,45200.0,44100.0,44300.0,1056690,VND
2020-06-17,44300.0,45850.0,44300.0,45750.0,2149680,VND
2020-06-18,45600.0,47200.0,45600.0,46700.0,1266690,VND
2020-06-19,47200.0,47200.0,45900.0,46000.0,1795970,VND
2020-06-22,46000.0,46300.0,45100.0,46000.0,1997120,VND
2020-06-23,45900.0,46500.0,45100.0,46250.0,2106770,VND
2020-06-24,46250.0,46250.0,45400.0,45900.0,1882350,VND
2020-06-25,45400.0,45900.0,44800.0,45850.0,1579880,VND
2020-06-26,46000.0,46200.0,45300.0,45800.0,1794130,VND
2020-06-29,45650.0,45650.0,44250.0,44500.0,2141710,VND
2020-06-30,44500.0,45200.0,44000.0,44500.0,1473030,VND
2020-07-01,44600.0,45200.0,44000.0,45100.0,1510610,VND
2020-07-02,45400.0,45600.0,44450.0,45500.0,1347150,VND
2020-07-03,45500.0,46200.0,45200.0,45950.0,599290,VND
2020-07-06,45950.0,46500.0,45750.0,46400.0,810350,VND
2020-07-07,46800.0,46800.0,46000.0,46500.0,583010,VND
2020-07-08,46500.0,46500.0,46000.0,46500.0,467240,VND
2020-07-09,46500.0,46700.0,46200.0,46550.0,678930,VND
2020-07-10,46400.0,46500.0,46150.0,46350.0,340000,VND
2020-07-13,46300.0,46500.0,46250.0,46400.0,580920,VND
2020-07-14,46300.0,46400.0,45750.0,46400.0,425960,VND
2020-07-15,46500.0,46600.0,46250.0,46450.0,468770,VND
2020-07-16,46600.0,47300.0,46600.0,46850.0,878460,VND
2020-07-17,46850.0,48300.0,46800.0,47500.0,1335770,VND
2020-07-20,47100.0,47250.0,46350.0,46400.0,574960,VND
2020-07-21,46450.0,46500.0,45550.0,45900.0,439810,VND
2020-07-22,46400.0,46400.0,45000.0,45300.0,720410,VND
2020-07-23,45300.0,46150.0,45050.0,46000.0,368860,VND
2020-07-24,45800.0,46000.0,43950.0,45400.0,876920,VND
2020-07-27,42500.0,43900.0,42250.0,42250.0,1119400,VND
2020-07-28,42300.0,45000.0,42100.0,43600.0,552420,VND
2020-07-29,43000.0,43500.0,41050.0,41550.0,399820,VND
2020-07-30,42000.0,42500.0,41800.0,42200.0,173730,VND
2020-07-31,41800.0,42600.0,41000.0,42200.0,359580,VND
2020-08-03,42000.0,44150.0,42000.0,43750.0,528550,VND
2020-08-04,43750.0,44500.0,43100.0,44500.0,382000,VND
2020-08-05,44200.0,44800.0,44100.0,44450.0,234150,VND
2020-08-06,44400.0,44800.0,44050.0,44600.0,432920,VND
2020-08-07,44600.0,44700.0,44300.0,44600.0,221640,VND
2020-08-10,44600.0,45400.0,44600.0,45200.0,310330,VND
2020-08-11,45200.0,45750.0,45150.0,45700.0,549990,VND
2020-08-12,45700.0,46500.0,45700.0,46500.0,660600,VND
2020-08-13,46500.0,47000.0,46350.0,46600.0,380300,VND
2020-08-14,46200.0,46650.0,46150.0,46600.0,509440,VND
2020-08-17,46250.0,46500.0,45950.0,46200.0,225870,VND
2020-08-18,46250.0,46250.0,45950.0,46050.0,88390,VND
2020-08-19,46050.0,47000.0,45900.0,47000.0,562910,VND
2020-08-20,47000.0,47150.0,46300.0,46350.0,429540,VND
2020-08-21,46350.0,46850.0,46350.0,46550.0,548520,VND
2020-08-24,46900.0,48600.0,46900.0,48500.0,1037310,VND
2020-08-25,49000.0,50500.0,49000.0,50400.0,1227490,VND
2020-08-26,50400.0,51500.0,50400.0,51400.0,1298440,VND
2020-08-27,51400.0,53000.0,51400.0,52800.0,3326890,VND
2020-08-28,52800.0,53000.0,52000.0,52300.0,3804130,VND
2020-08-31,52100.0,53100.0,52000.0,52500.0,3631670,VND
2020-09-01,53000.0,53000.0,52100.0,52900.0,2076920,VND
2020-09-03,52300.0,52600.0,51400.0,52100.0,2055830,VND
2020-09-04,51000.0,52100.0,50700.0,51600.0,2920060,VND
2020-09-07,51500.0,51900.0,50800.0,51100.0,2220460,VND
2020-09-08,51500.0,51800.0,50800.0,51200.0,1444420,VND
2020-09-09,50800.0,51000.0,50500.0,50900.0,1610170,VND
2020-09-10,51100.0,51200.0,50000.0,50100.0,1510640,VND
2020-09-11,50100.0,50300.0,49700.0,49700.0,1431590,VND
2020-09-14,49900.0,50000.0,49650.0,49800.0,1309320,VND
2020-09-15,49800.0,49900.0,49000.0,49500.0,1658590,VND
2020-09-16,49700.0,50800.0,49700.0,50800.0,221840,VND
2020-09-17,51000.0,51100.0,49850.0,50000.0,210810,VND
2020-09-18,50000.0,50600.0,50000.0,50400.0,518560,VND
2020-09-21,50900.0,50900.0,50300.0,50700.0,473020,VND
2020-09-22,50700.0,50700.0,50200.0,50400.0,170700,VND
2020-09-23,50400.0,51700.0,50200.0,51600.0,583370,VND
2020-09-24,51700.0,51800.0,51000.0,51700.0,273970,VND
2020-09-25,51500.0,51700.0,50900.0,51600.0,178820,VND
2020-09-28,51700.0,51700.0,51000.0,51300.0,177110,VND
2020-09-29,51200.0,51600.0,50600.0,50600.0,244710,VND
2020-09-30,50600.0,50800.0,50000.0,50300.0,178430,VND
2020-10-01,51000.0,51000.0,50500.0,50800.0,145990,VND
2020-10-02,50600.0,50800.0,50200.0,50600.0,232550,VND
2020-10-05,50600.0,50700.0,50200.0,50200.0,256340,VND
2020-10-06,50800.0,50800.0,50100.0,50200.0,245460,VND
2020-10-07,50000.0,50300.0,49900.0,49900.0,485060,VND
2020-10-08,50000.0,50200.0,49800.0,49800.0,137770,VND
2020-10-09,49800.0,50200.0,49750.0,49750.0,218150,VND
2020-10-12,49800.0,50000.0,49250.0,49350.0,282010,VND
2020-10-13,49300.0,49900.0,49250.0,49350.0,167150,VND
2020-10-14,49350.0,49500.0,49200.0,49500.0,678810,VND
2020-10-15,49900.0,50600.0,49800.0,49800.0,460270,VND
2020-10-16,49600.0,50200.0,49600.0,49950.0,251320,VND
2020-10-19,50000.0,50000.0,49300.0,49350.0,678150,VND
2020-10-20,49000.0,49500.0,48650.0,49100.0,571730,VND
2020-10-21,49100.0,49500.0,48700.0,48900.0,287910,VND
2020-10-22,49000.0,49400.0,48550.0,49400.0,179460,VND
2020-10-23,49700.0,49700.0,49100.0,49500.0,238360,VND
2020-10-26,49500.0,50000.0,49200.0,50000.0,266000,VND
2020-10-27,49500.0,50000.0,49300.0,49400.0,163610,VND
2020-10-28,48800.0,49200.0,47500.0,47500.0,247080,VND
2020-10-29,47300.0,48500.0,47200.0,48200.0,211090,VND
2020-10-30,48200.0,49000.0,47100.0,49000.0,523960,VND
2020-11-02,48500.0,48700.0,48250.0,48350.0,122440,VND
2020-11-03,48700.0,48800.0,48300.0,48300.0,80450,VND
2020-11-04,48400.0,49150.0,48400.0,48800.0,199140,VND
2020-11-05,48900.0,49150.0,48700.0,48700.0,255810,VND
2020-11-06,48750.0,48800.0,48000.0,48300.0,147850,VND
2020-11-09,48300.0,48700.0,48300.0,48500.0,266160,VND
2020-11-10,49900.0,49900.0,45150.0,48850.0,1107700,VND
2020-11-11,49000.0,49600.0,48350.0,48850.0,512860,VND
2020-11-12,48850.0,49100.0,48450.0,48600.0,356940,VND
2020-11-13,48300.0,48800.0,48050.0,48800.0,459050,VND
2020-11-16,49000.0,49300.0,48150.0,48150.0,896740,VND
2020-11-17,48400.0,48600.0,48150.0,48400.0,468290,VND
2020-11-18,48600.0,48750.0,48350.0,48400.0,485750,VND
2020-11-19,48700.0,51400.0,48600.0,50700.0,1877310,VND
2020-11-20,50900.0,51100.0,50600.0,50600.0,705480,VND
2020-11-23,50700.0,51300.0,49900.0,50700.0,776920,VND
2020-11-24,50800.0,50900.0,49600.0,50200.0,886820,VND
2020-11-25,51000.0,51000.0,50200.0,50400.0,694950,VND
2020-11-26,50300.0,52200.0,50200.0,51400.0,1630020,VND
2020-11-27,51400.0,51900.0,50900.0,51300.0,627770,VND
2020-11-30,51400.0,51600.0,50800.0,50800.0,515420,VND
2020-12-01,50000.0,50800.0,49500.0,50600.0,907360,VND
2020-12-02,50600.0,51400.0,50000.0,50900.0,632830,VND
2020-12-03,51300.0,51300.0,50300.0,50600.0,688180,VND
2020-12-04,50900.0,51600.0,50600.0,50800.0,901290,VND
2020-12-07,51400.0,51400.0,51000.0,51300.0,534840,VND
2020-12-08,51300.0,51400.0,50600.0,50700.0,768990,VND
2020-12-09,50900.0,53000.0,50700.0,52300.0,1540750,VND
2020-12-10,52300.0,53000.0,51600.0,51600.0,906890,VND
2020-12-11,52500.0,53000.0,51700.0,53000.0,1131390,VND
2020-12-14,53300.0,54500.0,53200.0,54500.0,1162870,VND
2020-12-15,54000.0,55000.0,53500.0,53900.0,1249090,VND
2020-12-16,53800.0,54000.0,53500.0,53700.0,651030,VND
2020-12-17,53400.0,53700.0,51800.0,52300.0,1365140,VND
2020-12-18,52300.0,53800.0,52300.0,53800.0,839990,VND
2020-12-21,54000.0,54100.0,53200.0,54000.0,838750,VND
2020-12-22,53200.0,53800.0,53000.0,53200.0,640360,VND
2020-12-23,53100.0,54300.0,53100.0,53100.0,866960,VND
2020-12-24,53400.0,53800.0,49500.0,52700.0,833500,VND
2020-12-25,52800.0,53200.0,52000.0,53100.0,394190,VND
2020-12-28,53800.0,55400.0,53100.0,54800.0,1758050,VND
2020-12-29,55000.0,55700.0,54100.0,54700.0,1165010,VND
2020-12-30,54900.0,55500.0,54500.0,54900.0,456950,VND
2020-12-31,54600.0,55000.0,54500.0,54600.0,566460,VND
2021-01-04,55000.0,55900.0,54600.0,54900.0,1330000,VND
2021-01-05,55000.0,55600.0,54600.0,55100.0,746800,VND
2021-01-06,55900.0,56700.0,55200.0,55300.0,691800,VND
2021-01-07,55500.0,56300.0,55200.0,55600.0,755500,VND
2021-01-08,56100.0,57700.0,55800.0,56200.0,1314800,VND
2021-01-11,57900.0,58500.0,56900.0,57300.0,1140700,VND
2021-01-12,57400.0,57900.0,56800.0,57300.0,656300,VND
2021-01-13,57900.0,58000.0,56900.0,57000.0,792700,VND
2021-01-14,56600.0,57200.0,56000.0,56200.0,1187700,VND
2021-01-15,56200.0,56600.0,55300.0,56000.0,1236000,VND
2021-01-18,56000.0,57200.0,55500.0,56100.0,1240800,VND
2021-01-19,56500.0,56500.0,52500.0,53000.0,805900,VND
2021-01-20,53200.0,54000.0,52000.0,53300.0,1368100,VND
2021-01-21,54300.0,55000.0,53500.0,54900.0,961300,VND
2021-01-22,55000.0,55800.0,54300.0,54300.0,990800,VND
2021-01-25,54800.0,54800.0,53900.0,53900.0,906400,VND
2021-01-26,53900.0,54500.0,52100.0,52600.0,1198900,VND
2021-01-27,52600.0,52900.0,50600.0,50700.0,1168700,VND
2021-01-28,48700.0,49800.0,47200.0,47200.0,1593800,VND
2021-01-29,45500.0,50500.0,45500.0,49000.0,734900,VND
2021-02-01,49000.0,50000.0,48100.0,48500.0,693200,VND
2021-02-02,48500.0,50100.0,48200.0,49700.0,1078600,VND
2021-02-03,49900.0,51200.0,49900.0,50500.0,707800,VND
2021-02-04,51000.0,51300.0,50300.0,51300.0,364700,VND
2021-02-05,51300.0,52200.0,51300.0,52200.0,570400,VND
2021-02-08,52800.0,54000.0,50100.0,52000.0,2088700,VND
2021-02-09,51500.0,53100.0,50800.0,53000.0,1327100,VND
2021-02-17,54300.0,55800.0,53100.0,55700.0,1271200,VND
2021-02-18,55900.0,56300.0,55500.0,56100.0,1304600,VND
2021-02-19,55600.0,56300.0,55200.0,56200.0,1466000,VND
2021-02-22,56200.0,58000.0,56100.0,57200.0,2133700,VND
2021-02-23,57900.0,57900.0,56300.0,56800.0,1314000,VND
2021-02-24,58000.0,58000.0,56300.0,57300.0,1965900,VND
2021-02-25,58000.0,59000.0,57300.0,58400.0,2473000,VND
2021-02-26,57000.0,58200.0,57000.0,58200.0,1319300,VND
2021-03-01,58300.0,59100.0,58200.0,59000.0,5292000,VND
2021-03-02,59500.0,59600.0,58500.0,58600.0,3858000,VND
2021-03-03,58600.0,58700.0,58100.0,58500.0,4286300,VND
2021-03-04,58500.0,58900.0,56000.0,57800.0,4348500,VND
2021-03-05,58100.0,58500.0,57500.0,58000.0,4894700,VND
2021-03-08,59200.0,59200.0,57900.0,58400.0,3852200,VND
2021-03-09,58000.0,58000.0,56500.0,56600.0,4097200,VND
2021-03-10,56500.0,56600.0,55600.0,55800.0,4298000,VND
2021-03-11,56100.0,57000.0,55300.0,55600.0,2905500,VND
2021-03-12,56200.0,56500.0,55600.0,55600.0,2127200,VND
2021-03-15,55200.0,58000.0,55200.0,57100.0,4551600,VND
2021-03-16,57000.0,58000.0,56200.0,57800.0,4964600,VND
2021-03-17,57200.0,57900.0,57200.0,57800.0,4739600,VND
2021-03-18,57800.0,57900.0,57500.0,57700.0,3442900,VND
2021-03-19,56700.0,57000.0,55600.0,56300.0,4493400,VND
2021-03-22,56300.0,56800.0,56000.0,56000.0,963700,VND
2021-03-23,56000.0,57600.0,55800.0,57200.0,1753800,VND
2021-03-24,56800.0,56800.0,56000.0,56300.0,1694900,VND
2021-03-25,56100.0,56500.0,55800.0,56200.0,889500,VND
2021-03-26,55900.0,56000.0,53000.0,55900.0,1148200,VND
2021-03-29,56500.0,56600.0,55600.0,55600.0,662600,VND
2021-03-30,55600.0,56100.0,55400.0,55500.0,969300,VND
2021-03-31,55500.0,56700.0,55100.0,55100.0,935900,VND
2021-04-01,55100.0,56400.0,55100.0,56300.0,679900,VND
2021-04-02,56600.0,57000.0,56400.0,56500.0,1046700,VND
2021-04-05,57500.0,57500.0,55600.0,55900.0,1662400,VND
2021-04-06,55400.0,56000.0,55300.0,55800.0,1105900,VND
2021-04-07,55500.0,55800.0,55300.0,55800.0,1256900,VND
2021-04-08,56000.0,56300.0,55600.0,55900.0,740900,VND
2021-04-09,55900.0,56300.0,55700.0,55900.0,749700,VND
2021-04-12,55500.0,56000.0,55500.0,55900.0,1616600,VND
2021-04-13,56000.0,56100.0,54900.0,54900.0,1443600,VND
2021-04-14,54900.0,55500.0,54400.0,55200.0,844600,VND
2021-04-15,55600.0,56200.0,53800.0,54400.0,2122700,VND
2021-04-16,54600.0,54600.0,52000.0,52800.0,1472100,VND
2021-04-19,52800.0,53200.0,52500.0,52500.0,1408700,VND
2021-04-20,53000.0,54000.0,52500.0,52900.0,1359900,VND
2021-04-22,52100.0,52900.0,51000.0,51000.0,1485700,VND
2021-04-23,51000.0,51400.0,50400.0,51000.0,2184900,VND
2021-04-26,52000.0,52000.0,49650.0,49950.0,1127800,VND
2021-04-27,49950.0,50000.0,48600.0,48600.0,2050800,VND
2021-04-28,48800.0,50200.0,48700.0,50000.0,1396000,VND
2021-04-29,50500.0,50600.0,49600.0,50300.0,1037100,VND
2021-05-04,50000.0,50000.0,49000.0,49650.0,1098200,VND
2021-05-05,50500.0,52200.0,50200.0,50900.0,1453500,VND
2021-05-06,49500.0,51800.0,49500.0,50800.0,1035200,VND
2021-05-07,50600.0,50900.0,50100.0,50700.0,1861800,VND
2021-05-10,50800.0,53500.0,50700.0,53300.0,2939400,VND
2021-05-11,53500.0,53700.0,53000.0,53000.0,1711900,VND
2021-05-12,52800.0,53600.0,52800.0,53300.0,2193100,VND
2021-05-13,53400.0,54300.0,53200.0,54000.0,2040100,VND
2021-05-14,54200.0,54900.0,54000.0,54800.0,2380600,VND
2021-05-17,55500.0,55600.0,53900.0,54000.0,2314100,VND
2021-05-18,54000.0,54400.0,53500.0,54000.0,2399700,VND
2021-05-19,54500.0,55300.0,54100.0,54200.0,2808800,VND
2021-05-20,54600.0,54800.0,53500.0,54400.0,1480900,VND
2021-05-21,54300.0,57400.0,53800.0,57400.0,2248400,VND
2021-05-24,56600.0,56600.0,55600.0,56300.0,3111800,VND
2021-05-25,56300.0,56400.0,55600.0,56200.0,3987700,VND
2021-05-26,56000.0,56000.0,55100.0,55300.0,4817200,VND
2021-05-27,55000.0,55200.0,53800.0,53900.0,4228500,VND
2021-05-28,54500.0,55000.0,53800.0,54800.0,4141900,VND
2021-05-31,54200.0,55000.0,54100.0,54600.0,4350300,VND
2021-06-01,55000.0,55600.0,54500.0,54700.0,2062500,VND
2021-06-02,55000.0,56000.0,54700.0,55200.0,4807300,VND
2021-06-03,55900.0,55900.0,55100.0,55400.0,4369300,VND
2021-06-04,55400.0,57500.0,54600.0,57200.0,5913000,VND
2021-06-07,57800.0,58000.0,55000.0,56600.0,6463900,VND
2021-06-08,56000.0,56400.0,54600.0,54700.0,5831000,VND
2021-06-09,54600.0,54900.0,53100.0,53800.0,4049700,VND
2021-06-10,53700.0,53800.0,52200.0,52500.0,3102600,VND
2021-06-11,53000.0,54200.0,52600.0,54000.0,5131500,VND
2021-06-14,54800.0,55400.0,54100.0,55000.0,6387700,VND
2021-06-15,54900.0,55500.0,54000.0,54800.0,7003300,VND
2021-06-16,55100.0,56800.0,55100.0,56000.0,4148100,VND
2021-06-17,55500.0,57100.0,55000.0,56700.0,3096600,VND
2021-06-18,56500.0,56900.0,56200.0,56500.0,2319300,VND
2021-06-21,57100.0,59100.0,56900.0,58600.0,6573200,VND
2021-06-22,59300.0,59500.0,58500.0,58600.0,3673900,VND
2021-06-23,57500.0,57700.0,56300.0,56500.0,2790000,VND
2021-06-24,56200.0,56900.0,55600.0,56000.0,2592500,VND
2021-06-25,56000.0,56900.0,55700.0,56500.0,1839500,VND
2021-06-28,57500.0,57500.0,56700.0,57100.0,2439700,VND
2021-06-29,56600.0,57000.0,55500.0,56200.0,2488400,VND
2021-06-30,55900.0,56400.0,54800.0,54800.0,2339900,VND
2021-07-01,54900.0,56000.0,54000.0,55500.0,2307300,VND
2021-07-02,56200.0,56300.0,55300.0,55400.0,1266800,VND
2021-07-05,55400.0,55700.0,53800.0,54500.0,2150300,VND
2021-07-06,55500.0,55500.0,51700.0,51700.0,1955600,VND
2021-07-07,51700.0,53200.0,51000.0,53200.0,2287100,VND
2021-07-08,52100.0,53000.0,51900.0,52300.0,1593300,VND
2021-07-09,51800.0,52900.0,49800.0,50800.0,2491500,VND
2021-07-12,51100.0,51100.0,48300.0,49650.0,2701900,VND
2021-07-13,50000.0,51200.0,49850.0,51000.0,1200100,VND
2021-07-14,51300.0,51800.0,50100.0,50900.0,1160000,VND
2021-07-15,50200.0,51400.0,50100.0,50900.0,1030800,VND
2021-07-16,51000.0,51500.0,50900.0,51100.0,1041300,VND
2021-07-19,49500.0,50100.0,48500.0,49000.0,1312400,VND
2021-07-20,48800.0,49400.0,47800.0,49350.0,1878300,VND
2021-07-21,50000.0,50500.0,49750.0,50000.0,1131300,VND
2021-07-22,50000.0,51200.0,50000.0,50900.0,784100,VND
2021-07-23,50600.0,50900.0,50100.0,50200.0,1002500,VND
2021-07-26,49600.0,50000.0,49300.0,49900.0,1069300,VND
2021-07-27,50500.0,50900.0,50000.0,50300.0,975000,VND
2021-07-28,50200.0,50800.0,50000.0,50500.0,464600,VND
2021-07-29,50500.0,51000.0,49950.0,51000.0,1719000,VND
2021-07-30,51200.0,51700.0,50800.0,51300.0,1306000,VND
2021-08-02,51500.0,52000.0,51100.0,51500.0,872300,VND
2021-08-03,51500.0,51600.0,50900.0,51200.0,1243400,VND
2021-08-04,51500.0,52900.0,51000.0,52300.0,2070900,VND
2021-08-05,52400.0,52900.0,51900.0,52400.0,806900,VND
2021-08-06,52800.0,53300.0,52600.0,52900.0,1720900,VND
2021-08-09,52600.0,53100.0,52000.0,52900.0,1710100,VND
2021-08-10,52800.0,53900.0,52500.0,53800.0,4106100,VND
2021-08-11,53800.0,54100.0,53400.0,53400.0,2800700,VND
2021-08-12,53000.0,53700.0,53000.0,53000.0,2153600,VND
2021-08-13,52600.0,53000.0,51900.0,52900.0,2831900,VND
2021-08-16,52700.0,52700.0,51000.0,52100.0,1051300,VND
2021-08-17,52200.0,52500.0,51600.0,51600.0,1354100,VND
2021-08-18,51600.0,51900.0,51300.0,51600.0,1016100,VND
2021-08-19,51600.0,51800.0,51100.0,51500.0,1008500,VND
2021-08-20,51700.0,51700.0,49500.0,49600.0,1982900,VND
2021-08-23,49400.0,49900.0,48500.0,48500.0,1795400,VND
2021-08-24,49000.0,49300.0,48500.0,48800.0,1279500,VND
2021-08-25,49150.0,49850.0,49000.0,49550.0,1156100,VND
2021-08-26,49650.0,50100.0,48700.0,48700.0,754100,VND
2021-08-27,48550.0,49500.0,48550.0,49500.0,797100,VND
2021-08-30,49900.0,50100.0,49400.0,49550.0,831900,VND
2021-08-31,50000.0,50000.0,49500.0,49700.0,1101500,VND
2021-09-01,49800.0,51100.0,49700.0,50800.0,1320900,VND
2021-09-06,51200.0,51900.0,50800.0,51100.0,1375400,VND
2021-09-07,51100.0,51400.0,50100.0,50400.0,1205400,VND
2021-09-08,50400.0,50500.0,49300.0,49300.0,915600,VND
2021-09-09,49500.0,50800.0,49500.0,50600.0,746700,VND
2021-09-10,50900.0,51000.0,50500.0,50500.0,702400,VND
2021-09-13,50800.0,51100.0,50300.0,50300.0,1201200,VND
2021-09-14,50800.0,50800.0,50100.0,50100.0,648500,VND
2021-09-15,50100.0,50900.0,50100.0,50900.0,847800,VND
2021-09-16,51300.0,51800.0,50800.0,51000.0,1014800,VND
2021-09-17,51300.0,51300.0,50700.0,50700.0,893600,VND
2021-09-20,50700.0,51300.0,50000.0,50000.0,1142300,VND
2021-09-21,49500.0,50000.0,49300.0,49600.0,981600,VND
2021-09-22,49800.0,50600.0,49600.0,50100.0,553000,VND
2021-09-23,50500.0,50900.0,50000.0,50200.0,919700,VND
2021-09-24,50500.0,50900.0,49850.0,50000.0,951000,VND
2021-09-27,50600.0,50900.0,50100.0,50100.0,1496700,VND
2021-09-28,50200.0,51600.0,50100.0,51100.0,2247200,VND
2021-09-29,51400.0,52500.0,51000.0,52000.0,2210600,VND
2021-09-30,52300.0,52400.0,51500.0,51600.0,969100,VND
2021-10-01,51300.0,52300.0,51200.0,51900.0,2380900,VND
2021-10-04,53000.0,54200.0,52800.0,53800.0,3732500,VND
2021-10-05,54500.0,54500.0,53600.0,53900.0,1392800,VND
2021-10-06,54200.0,54500.0,53500.0,53900.0,1460000,VND
2021-10-07,53500.0,54500.0,52500.0,54000.0,2783100,VND
2021-10-08,54300.0,54300.0,53500.0,53900.0,975300,VND
2021-10-11,55300.0,55300.0,54400.0,54900.0,1873000,VND
2021-10-12,54900.0,55400.0,54200.0,55000.0,2970900,VND
2021-10-13,54700.0,55100.0,53800.0,53800.0,1768800,VND
2021-10-14,53900.0,54300.0,53700.0,53900.0,1634100,VND
2021-10-15,54300.0,54300.0,53400.0,53600.0,1830000,VND
2021-10-18,53800.0,54900.0,53700.0,54400.0,2103700,VND
2021-10-19,54300.0,55100.0,54000.0,54800.0,1198600,VND
2021-10-20,54900.0,54900.0,53200.0,53900.0,1183600,VND
2021-10-21,54400.0,54400.0,53500.0,53500.0,1128500,VND
2021-10-22,53500.0,53900.0,52700.0,52900.0,1576000,VND
2021-10-25,53400.0,54800.0,53000.0,54100.0,1068200,VND
2021-10-26,54800.0,55800.0,54300.0,54600.0,2374600,VND
2021-10-27,55200.0,55300.0,54600.0,55300.0,2086200,VND
2021-10-28,55100.0,55300.0,54600.0,54800.0,1387500,VND
2021-10-29,54800.0,55100.0,54100.0,54100.0,2289600,VND
2021-11-01,53900.0,54800.0,53700.0,53900.0,1823500,VND
2021-11-02,54000.0,54800.0,53900.0,54300.0,1890500,VND
2021-11-03,54500.0,54700.0,53000.0,53000.0,1957500,VND
2021-11-04,53000.0,53500.0,52500.0,52700.0,1526500,VND
2021-11-05,52900.0,55000.0,52900.0,53900.0,2295000,VND
2021-11-08,54500.0,55500.0,54300.0,54700.0,2207100,VND
2021-11-09,54600.0,54800.0,54200.0,54500.0,1074200,VND
2021-11-10,55200.0,58300.0,54800.0,58300.0,7387900,VND
2021-11-11,60100.0,60500.0,58700.0,59800.0,5714300,VND
2021-11-12,59900.0,60000.0,58500.0,60000.0,2450800,VND
2021-11-15,60100.0,61800.0,59200.0,60100.0,3128700,VND
2021-11-16,59800.0,60400.0,58800.0,58800.0,2612300,VND
2021-11-17,58600.0,62100.0,58500.0,62100.0,4711400,VND
2021-11-18,62200.0,62400.0,60800.0,61000.0,2574800,VND
2021-11-19,61800.0,61800.0,56900.0,59400.0,5024900,VND
